Timestamp,activity,category
7/20/2026 18:39:09,Bouldering,Sports
7/20/2026 18:39:11,I like reading webtoons,Reading/Books
7/20/2026 18:39:14,writing fiction,Reading/Books
7/20/2026 18:39:23,Voice Acting,Arts
7/20/2026 18:39:25,Hiking leads to a lot of fun and great scenic views.,Travel/Outdoors
7/20/2026 18:39:39,Golfing is my favourite activity. ,Sports
7/20/2026 18:39:56,I'd like to voice act in a properly treated vocal booth!,Arts
7/20/2026 18:40:06,I enjoy watching TV shows and discussing them with my friends,Arts
7/20/2026 18:40:12,I like to play games.,Gaming
7/20/2026 18:40:22,I like playing gacha games without spending money.,Gaming
7/20/2026 18:40:32,I like to eat out at various restaurants.,Food/Cooking
7/20/2026 18:40:36,Watching movies,Arts
7/20/2026 18:40:41,play rec league,Sports
7/20/2026 18:40:49,"If given the option I would spend time working on hand drawn 2D animation, its something I find kind of meditative, the results always look interesting even if its a very inefficient form of animating things.",Arts
7/20/2026 18:40:55,Coffee,Food/Cooking
7/20/2026 18:40:56,Listen to different genres of music sequentially everyday,Music
7/20/2026 18:41:01,I like to play ice hockey in the fall.,Sports
7/20/2026 18:41:02,I like listening to music and dancing,Music
7/20/2026 18:42:04,i like going hiking when I have free time,Travel/Outdoors
7/20/2026 18:42:33,Reading books in a quiet place,Reading/Books
7/20/2026 18:42:42,"I like finding nice outdoor spaces with a laptop or notebook and writing novels and writing stories, the locations help set the tone and put me in a place I can be more creative outside of my home.",Reading/Books
7/20/2026 18:43:29,I love making pasta for myself and looking up new recipes,Food/Cooking
7/20/2026 18:44:25,Play Seven Deadly Sins Origins,Gaming
7/20/2026 18:44:39,I love painting scenaries and walking art processes/reels on insta,Arts
7/20/2026 18:44:50,I enjoy watching horrible Tubi movies just to get a good laugh.,Arts
7/20/2026 18:45:02,I like going camping often.,Travel/Outdoors
7/20/2026 18:45:30,Cooking,Food/Cooking